,Suburb_Name,Growth_Rate
0,Nhill Region,0.20046646881855695
1,West Wimmera,0.19799200756026486
2,Yarriambiack,0.19740668474692366
3,Kerang,0.1693503749558036
4,Rushworth,0.16441939496783273
5,St Albans - South,0.16052207605033392
6,Frankston North,0.1598978163487828
7,Kyabram,0.15966010902703548
8,Ardeer - Albion,0.15906743714791835
9,St Arnaud,0.15573539572158354
